None, None, -1, 0, 0
None, None, -1, 0, 0
None, None, -1, 0, 0
None, None, -1, 0, 0
None, None, -1, 0, 0
None, None, -1, 0, 0
None, None, -1, 0, 0
None, None, -1, 0, 0
None, None, -1, 0, 0
None, None, -1, 0, 0
None, None, -1, 0, 0
None, None, -1, 0, 0
None, None, -1, 0, 0
None, None, -1, 0, 0
None, None, -1, 0, 0
None, None, -1, 0, 0
None, None, -1, 0, 0
None, None, -1, 0, 0
None, None, -1, 0, 0
None, None, -1, 0, 0
None, None, -1, 0, 0
None, None, -1, 0, 0
None, None, -1, 0, 0
None, None, -1, 0, 0
None, None, -1, 0, 0
None, None, -1, 0, 0
None, None, -1, 0, 0
None, None, -1, 0, 0
None, None, -1, 0, 0
None, None, -1, 0, 0
None, None, -1, 0, 0
None, None, -1, 0, 0
None, None, -1, 0, 0
None, None, -1, 0, 0
None, None, -1, 0, 0
None, None, -1, 0, 0
None, None, -1, 0, 0
None, None, -1, 0, 0
None, None, -1, 0, 0
None, None, -1, 0, 0
None, None, -1, 0, 0
None, None, -1, 0, 0
None, None, -1, 0, 0
None, None, -1, 0, 0
None, None, -1, 0, 0
None, None, -1, 0, 0
None, None, -1, 0, 0
None, None, -1, 0, 0
None, None, -1, 0, 0
None, None, -1, 0, 0
None, None, -1, 0, 0
None, None, -1, 0, 0
None, None, -1, 0, 0
None, None, -1, 0, 0
None, None, -1, 0, 0
None, None, -1, 0, 0
None, None, -1, 0, 0
None, None, -1, 0, 0
None, None, -1, 0, 0
None, None, -1, 0, 0
None, None, -1, 0, 0
None, None, -1, 0, 0
None, None, -1, 0, 0
None, None, -1, 0, 0
None, None, -1, 0, 0
None, None, -1, 0, 0
None, None, -1, 0, 0
None, None, -1, 0, 0
None, None, -1, 0, 0
None, None, -1, 0, 0
None, None, -1, 0, 0
None, None, -1, 0, 0
None, None, -1, 0, 0
None, None, -1, 0, 0
None, None, -1, 0, 0
None, None, -1, 0, 0
None, None, -1, 0, 0
None, None, -1, 0, 0
None, None, -1, 0, 0
None, None, -1, 0, 0
None, None, -1, 0, 0
None, None, -1, 0, 0
None, None, -1, 0, 0
None, None, -1, 0, 0
None, None, -1, 0, 0
None, None, -1, 0, 0
None, None, -1, 0, 0
None, None, -1, 0, 0
None, None, -1, 0, 0
None, None, -1, 0, 0
None, None, -1, 0, 0
None, None, -1, 0, 0
None, None, -1, 0, 0
None, None, -1, 0, 0
None, None, -1, 0, 0
None, None, -1, 0, 0
None, None, -1, 0, 0
None, None, -1, 0, 0
None, None, -1, 0, 0
None, None, -1, 0, 0
None, None, -1, 0, 0
None, None, -1, 0, 0
None, None, -1, 0, 0
None, None, -1, 0, 0
None, None, -1, 0, 0
None, None, -1, 0, 0
None, None, -1, 0, 0
None, None, -1, 0, 0
None, None, -1, 0, 0
None, None, -1, 0, 0
None, None, -1, 0, 0
None, None, -1, 0, 0
None, None, -1, 0, 0
None, None, -1, 0, 0
None, None, -1, 0, 0
None, None, -1, 0, 0
None, None, -1, 0, 0
None, None, -1, 0, 0
None, None, -1, 0, 0
None, None, -1, 0, 0
None, None, -1, 0, 0
None, None, -1, 0, 0
None, None, -1, 0, 0
None, None, -1, 0, 0
None, None, -1, 0, 0
None, None, -1, 0, 0
None, None, -1, 0, 0
None, None, -1, 0, 0
None, None, -1, 0, 0
None, None, -1, 0, 0
None, None, -1, 0, 0
None, None, -1, 0, 0
None, None, -1, 0, 0
None, None, -1, 0, 0
None, None, -1, 0, 0
None, None, -1, 0, 0
None, None, -1, 0, 0
None, None, -1, 0, 0
None, None, -1, 0, 0
None, None, -1, 0, 0
None, None, -1, 0, 0
None, None, -1, 0, 0
None, None, -1, 0, 0
None, None, -1, 0, 0
None, None, -1, 0, 0
None, None, -1, 0, 0
None, None, -1, 0, 0
None, None, -1, 0, 0
None, None, -1, 0, 0
300, 91, -1, 0, 0
300, 91, 40, 40, 0.0
300, 91, -1, 0, 0
300, 91, -1, 0, 0
300, 91, -1, 0, 0
300, 91, -1, 0, 0
300, 91, -1, 0, 0
300, 91, -1, 0, 0
300, 91, -1, 0, 0
300, 91, -1, 0, 0
300, 91, -1, 0, 0
300, 91, -1, 0, 0
300, 91, -1, 0, 0
300, 91, -1, 0, 0
300, 91, -1, 0, 0
300, 91, -1, 0, 0
300, 91, -1, 0, 0
300, 91, -1, 0, 0
300, 91, -1, 0, 0
300, 91, -1, 0, 0
300, 91, -1, 0, 0
300, 91, -1, 0, 0
300, 91, -1, 0, 0
300, 91, -1, 0, 0
300, 91, -1, 0, 0
300, 91, -1, 0, 0
300, 91, -1, 0, 0
300, 91, -1, 0, 0
300, 91, -1, 0, 0
300, 91, -1, 0, 0
300, 91, -1, 0, 0
300, 91, -1, 0, 0
300, 91, -1, 0, 0
300, 91, -1, 0, 0
300, 91, -1, 0, 0
300, 91, -1, 0, 0
300, 91, -1, 0, 0
300, 91, -1, 0, 0
300, 91, -1, 0, 0
300, 91, -1, 0, 0
300, 91, -1, 0, 0
305, 122, 31.400636936215164, 0, 0
305, 122, 40, 16.16419977235064, 0.0
305, 122, -1, 0, 0
305, 122, -1, 0, 0
305, 122, -1, 0, 0
305, 122, -1, 0, 0
305, 122, -1, 0, 0
305, 122, -1, 0, 0
305, 122, -1, 0, 0
305, 122, -1, 0, 0
305, 122, -1, 0, 0
305, 122, -1, 0, 0
305, 122, -1, 0, 0
305, 122, -1, 0, 0
305, 122, -1, 0, 0
305, 122, -1, 0, 0
305, 122, -1, 0, 0
305, 122, -1, 0, 0
305, 122, -1, 0, 0
305, 122, -1, 0, 0
305, 122, -1, 0, 0
305, 122, -1, 0, 0
305, 122, -1, 0, 0
305, 122, -1, 0, 0
305, 122, -1, 0, 0
305, 122, -1, 0, 0
305, 122, -1, 0, 0
305, 122, -1, 0, 0
305, 122, -1, 0, 0
305, 122, -1, 0, 0
305, 122, -1, 0, 0
305, 122, -1, 0, 0
305, 122, -1, 0, 0
305, 122, -1, 0, 0
305, 122, -1, 0, 0
305, 122, -1, 0, 0
305, 122, -1, 0, 0
305, 122, -1, 0, 0
305, 122, -1, 0, 0
305, 122, -1, 0, 0
305, 122, -1, 0, 0
305, 122, -1, 0, 0
305, 122, -1, 0, 0
305, 122, -1, 0, 0
305, 122, -1, 0, 0
305, 122, -1, 0, 0
305, 122, -1, 0, 0
305, 122, -1, 0, 0
305, 122, -1, 0, 0
305, 122, -1, 0, 0
307, 126, 40, 16.431240639416732, 4.47213595499958
307, 126, -1, 0, 0
307, 126, -1, 0, 0
307, 126, -1, 0, 0
307, 126, -1, 0, 0
307, 126, 40, 16.82494150075912, 0.0
308, 125, 40, 21.919838961102116, 1.4142135623730951
308, 125, -1, 0, 0
308, 126, 40, 15.240617751677098, 1.0
308, 126, 40, 16.825206592583655, 0.0
307, 126, 40, 16.825310155320164, 1.0
307, 125, 40, 20.453479085144814, 1.0
307, 125, -1, 0, 0
307, 125, -1, 0, 0
307, 125, -1, 0, 0
307, 125, -1, 0, 0
307, 125, -1, 0, 0
307, 125, -1, 0, 0
307, 125, -1, 0, 0
307, 125, -1, 0, 0
307, 125, -1, 0, 0
307, 125, -1, 0, 0
304, 90, 35.12833614050059, 0, 0
303, 89, 40, 40, 1.4142135623730951
303, 89, -1, 0, 0
303, 89, -1, 0, 0
303, 89, -1, 0, 0
303, 89, -1, 0, 0
303, 89, -1, 0, 0
303, 89, -1, 0, 0
303, 89, -1, 0, 0
303, 89, -1, 0, 0
303, 89, -1, 0, 0
303, 89, -1, 0, 0
303, 89, -1, 0, 0
303, 89, -1, 0, 0
303, 89, -1, 0, 0
303, 89, -1, 0, 0
303, 89, -1, 0, 0
303, 89, -1, 0, 0
303, 89, -1, 0, 0
303, 89, -1, 0, 0
303, 89, -1, 0, 0
303, 89, -1, 0, 0
303, 89, -1, 0, 0
303, 89, -1, 0, 0
303, 89, -1, 0, 0
303, 89, -1, 0, 0
303, 89, -1, 0, 0
303, 89, -1, 0, 0
303, 89, -1, 0, 0
303, 89, -1, 0, 0
303, 89, -1, 0, 0
303, 89, -1, 0, 0
303, 89, -1, 0, 0
303, 89, -1, 0, 0
307, 88, 40, 40, 4.123105625617661
307, 88, 40, 40, 0.0
307, 88, 40, 40, 0.0
306, 87, 40, 40, 1.4142135623730951
306, 87, -1, 0, 0
307, 88, 40, 40, 1.4142135623730951
307, 88, 40, 40, 0.0
204, 28, 119.20151005754919, 0, 0
204, 28, -40, 40, 0.0
203, 30, -1.5915425061875412, 40, 2.23606797749979
203, 32, 2.169569017910957, 40, 2.0
203, 34, 2.1695798415184018, 40, 2.0
202, 36, -1.18080818405815, 40, 2.23606797749979
201, 38, -1.7679818772215539, 40, 2.23606797749979
200, 39, -2.7359068890922673, 40, 1.4142135623730951
200, 40, 0.06959132833480836, 40, 1.0
201, 41, 3.7319457673357785, 40, 1.4142135623730951
201, 41, 0.7695990783452987, 40, 0.0
200, 42, -2.890473189044042, 40, 1.4142135623730951
200, 42, 0.06959907834529877, 40, 0.0
200, 43, 0.06959907834529877, 40, 1.0
199, 44, -3.467691022440238, 40, 1.4142135623730951
199, 45, -0.6304083248376846, 40, 1.0
199, 45, -0.6304120519399643, 40, 0.0
198, 44, -4.217765552218539, 40, 1.4142135623730951
198, 44, -1.3304260113477706, 40, 0.0
198, 44, -1.3304328733205795, 40, 0.0
198, 44, -1.3304400295495986, 40, 0.0
197, 44, -4.87717306998678, 40, 1.0
197, 43, -2.030463048481941, 40, 1.0
196, 43, -5.546958582858792, 40, 1.0
196, 43, -2.7304914053201674, 40, 0.0
195, 45, -6.452558530390434, 40, 2.23606797749979
195, 45, -3.4305278509378434, 40, 0.0
195, 45, -3.4305464224338533, 40, 0.0
196, 48, -0.010572541904239952, 40, 3.1622776601683795
195, 49, -6.306107441083272, 40, 1.4142135623730951
195, 50, -3.4305963433980944, 40, 1.0
196, 51, -0.16558646673896993, 40, 1.4142135623730951
196, 52, -2.730625734210014, 40, 1.0
196, 52, -2.730642579054832, 40, 0.0
197, 52, 1.0122924897791243, 40, 1.0
197, 52, -2.0306631656169887, 40, 0.0
198, 53, 1.6968779048261717, 40, 1.4142135623730951
199, 55, 1.9323141848400258, 40, 2.23606797749979
200, 54, 2.6078517403559975, 40, 1.4142135623730951
203, 57, 11.48842384338321, 40, 4.242640687119285
205, 57, 9.091771982887817, 40, 2.0
208, 58, 14.59875165880307, 40, 3.1622776601683795
210, 59, 12.528547384102392, 40, 2.23606797749979
213, 59, 17.801790161023455, 40, 3.0
216, 60, 19.16136640883447, 40, 3.1622776601683795
220, 62, 25.99352639288297, 40, 4.47213595499958
223, 62, 24.202433467916315, 40, 3.0
227, 64, 29.6173816028895, 40, 4.47213595499958
231, 65, 33.57111125275794, 40, 4.123105625617661
364, 171, 170.07351351694948, 0, 0
236, 67, 164.92422502470643, 0, 0
239, 68, 37.278402556294, 40, 3.1622776601683795
239, 68, 27.37029389398098, 40, 0.0
242, 69, 37.63528524731629, 40, 3.1622776601683795
365, 174, 161.72198366332265, 0, 0
365, 174, 40, -40, 0.0
365, 174, 40, -16.748204104590414, 0.0
365, 174, 40, -16.748288056731223, 0.0
367, 177, 40, -27.1485142743971, 3.605551275463989
365, 176, 40, -15.229784353990865, 2.23606797749979
365, 177, 40, -21.651725536487547, 1.0
366, 179, 40, -25.631270702496174, 2.23606797749979
265, 78, 142.8355697996826, 0, 0
366, 180, 143.54441821262157, 0, 0
366, 180, 40, -22.18721993413946, 0.0
366, 181, 40, -25.82554894018834, 1.0
366, 181, 40, -21.649109025526045, 0.0
366, 182, 40, -25.179023954915394, 1.0
365, 183, 40, -25.84007318647845, 1.4142135623730951
366, 182, 40, -19.60424204691799, 1.4142135623730951
367, 183, 40, -25.98160350230135, 1.4142135623730951
366, 183, 40, -23.04969546291828, 1.0
366, 183, 40, -23.049805159115788, 0.0
366, 184, 40, -26.561460993176084, 1.0
366, 184, 40, -23.75004323670864, 0.0
365, 184, 40, -23.7501661498785, 1.0
365, 184, 40, -23.75029145033359, 0.0
366, 184, 40, -23.7504163560152, 1.0
367, 184, 40, -23.75053346917629, 1.0
300, 81, 122.87391912037315, 0, 0
300, 81, -40, 40, 0.0
300, 82, 40, 40, 1.0
365, 184, 120.95040305844375, 0, 0
365, 184, 40, -40, 0.0
364, 184, 40, -23.75025748238563, 1.0
364, 183, 40, -20.149565522917527, 1.0
364, 183, 40, -23.05048961827755, 0.0
363, 182, 40, -19.57157649449435, 1.4142135623730951
363, 182, 40, -22.35071580617428, 0.0
362, 182, 40, -22.350832686972616, 1.0
363, 182, 40, -22.350946305441855, 1.0
363, 183, 40, -25.956165282388717, 1.0
298, 76, 125.19584657647394, 0, 0
362, 181, 122.96747537458837, 0, 0
361, 180, 40, -17.239802646236598, 1.4142135623730951
361, 180, 40, -20.951375048828126, 0.0
360, 180, 40, -20.951484311294557, 1.0
361, 180, 40, -20.951586497735978, 1.0
360, 180, 40, -20.95169395418167, 1.0
359, 179, 40, -17.323361891414308, 1.4142135623730951
358, 179, 40, -20.251899950575826, 1.0
358, 179, 40, -20.252009007287022, 0.0
357, 179, 40, -20.25211131095886, 1.0
357, 179, 40, -20.252214812159536, 0.0
355, 178, 40, -16.69042000705918, 2.23606797749979
355, 178, 40, -19.552411548304555, 0.0
355, 178, 40, -19.552512818980215, 0.0
353, 177, 40, -16.170782003515157, 2.23606797749979
352, 177, 40, -18.852712653422355, 1.0
351, 177, 40, -18.85279941279888, 1.0
352, 177, 40, -18.852902852511406, 1.0
351, 176, 40, -15.28971389011997, 1.4142135623730951
350, 176, 40, -18.1530974807024, 1.0
350, 176, 40, -18.153182464289664, 0.0
348, 175, 40, -15.03249872029417, 2.23606797749979
347, 176, 40, -21.07068478575467, 1.4142135623730951
346, 175, 40, -14.763207568270934, 1.4142135623730951
345, 175, 40, -17.453552532196046, 1.0
344, 174, 40, -13.947482894824608, 1.4142135623730951
343, 175, 40, -20.276918996583873, 1.4142135623730951
341, 174, 40, -14.030665104930684, 2.23606797749979
342, 174, 40, -16.75389890437126, 1.0
340, 174, 40, -16.75398692202568, 2.0
339, 174, 40, -16.75407015891075, 1.0
338, 174, 40, -16.754154836034772, 1.0
337, 174, 40, -16.7542397506237, 1.0
337, 173, 40, -13.321629078008772, 1.0
335, 173, 40, -16.054407620358464, 2.0
332, 172, 40, -12.387646522020912, 3.1622776601683795
331, 173, 40, -18.76436294613553, 1.4142135623730951
331, 172, 40, -12.520750832843062, 1.0
330, 172, 40, -15.354721523857116, 1.0
328, 172, 40, -15.354803676414488, 2.0
327, 172, 40, -15.354884293174742, 1.0
326, 171, 40, -11.809046833417767, 1.4142135623730951
327, 172, 40, -18.285469337345873, 1.4142135623730951
325, 171, 40, -11.780227695444973, 2.23606797749979
324, 171, 40, -14.65518009867668, 1.0
324, 171, 40, -14.65525510239601, 0.0
323, 171, 40, -14.655331807422638, 1.0
322, 172, 40, -18.222387360316862, 1.4142135623730951
320, 171, 40, -11.933131412528141, 2.23606797749979
318, 172, 40, -18.188748510666958, 2.23606797749979
317, 172, 40, -15.355637931370733, 1.0
317, 171, 40, -11.838095909983668, 1.0
113, 62, 231.29418496797535, 0, 0
113, 62, -40, 40, 0.0
313, 171, 227.7740108089595, 0, 0
313, 170, 40, -40, 1.0
313, 170, 40, -13.955353318047523, 0.0
311, 171, 40, -17.26067259687417, 2.23606797749979
100, 62, 237.49105246303492, 0, 0
96, 62, -40, 40, 4.0
96, 62, -40, 40, 0.0
90, 62, -40, 40, 6.0
88, 62, -40, 40, 2.0
85, 63, -40, 40, 3.1622776601683795
82, 63, -40, 40, 3.0
78, 62, -40, 40, 4.123105625617661
75, 62, -40, 40, 3.0
70, 62, -40, 40, 5.0
69, 63, -40, 40, 1.4142135623730951
67, 63, -40, 40, 2.0
64, 62, -40, 40, 3.1622776601683795
62, 62, -40, 40, 2.0
61, 62, -40, 40, 1.0
59, 61, -40, 40, 2.23606797749979
58, 62, -40, 40, 1.4142135623730951
56, 61, -40, 40, 2.23606797749979
55, 60, -40, 40, 1.4142135623730951
53, 61, -40, 40, 2.23606797749979
51, 61, -40, 40, 2.0
51, 62, -40, 40, 1.0
49, 62, -40, 40, 2.0
49, 62, -40, 40, 0.0
49, 63, -40, 40, 1.0
48, 64, -40, 40, 1.4142135623730951
47, 64, -40, 40, 1.0
47, 65, -40, 40, 1.0
48, 66, -40, 40, 1.4142135623730951
47, 67, -40, 40, 1.4142135623730951
46, 68, -40, 40, 1.4142135623730951
46, 68, -40, 40, 0.0
45, 71, -40, 40, 3.1622776601683795
46, 71, -40, 40, 1.0
46, 72, -40, 40, 1.0
46, 72, -40, 40, 0.0
46, 74, -40, 40, 2.0
46, 74, -40, 40, 0.0
46, 75, -40, 40, 1.0
47, 76, -40, 40, 1.4142135623730951
47, 76, -40, 40, 0.0
47, 77, -40, 40, 1.0
47, 78, -40, 40, 1.0
48, 80, -40, 40, 2.23606797749979
48, 81, -40, 40, 1.0
48, 81, -40, 40, 0.0
50, 83, -40, 40, 2.8284271247461903
50, 84, -40, 40, 1.0
52, 84, -40, 40, 2.0
52, 85, -40, 40, 1.0
53, 86, -40, 40, 1.4142135623730951
53, 86, -40, 40, 0.0
55, 87, -40, 40, 2.23606797749979
56, 87, -40, 40, 1.0
57, 89, -40, 36.672121475668746, 2.23606797749979
59, 89, -40, 40, 2.0
59, 90, -40, 39.18460799094166, 1.0
61, 91, -40, 38.55556807655867, 2.23606797749979
61, 92, -40, 37.725473259655075, 1.0
62, 93, -40, 37.14190063603979, 1.4142135623730951
64, 94, -40, 36.55569095803587, 2.23606797749979
68, 96, -40, 32.307542112836074, 4.47213595499958
70, 97, -40, 34.25714050936323, 2.23606797749979
71, 98, -40, 33.65326143156835, 1.4142135623730951
71, 99, -40, 32.96924842226151, 1.0
73, 100, -40, 32.405859938303955, 2.23606797749979
75, 102, -40, 27.711420724550496, 2.8284271247461903
74, 102, -40, 33.66274663136005, 1.0
76, 103, -40, 30.124339106351485, 2.23606797749979
78, 104, -40, 29.32964057106912, 2.23606797749979
79, 104, -40, 32.26323454389572, 1.0
81, 106, -40, 25.33912120341397, 2.8284271247461903
83, 107, -40, 28.018268997547324, 2.23606797749979
85, 109, -40, 21.61241740321157, 2.8284271247461903
87, 110, -40, 25.321422094389423, 2.23606797749979
88, 111, -40, 24.500965330539564, 1.4142135623730951
90, 112, -40, 24.095626374774874, 2.23606797749979
91, 112, -40, 26.664288830327987, 1.0
92, 113, -40, 23.126403099159415, 1.4142135623730951
93, 113, -40, 25.964544848418235, 1.0
96, 114, -40, 22.659962111582214, 3.1622776601683795
97, 115, -40, 21.780855507233234, 1.4142135623730951
98, 114, -40, 27.748186338191402, 1.4142135623730951
102, 116, -40, 18.261088187735478, 4.47213595499958
102, 115, -40, 27.553844130044098, 1.0
104, 116, -40, 20.995880160183045, 2.23606797749979
105, 116, -40, 23.865433542394634, 1.0
106, 117, -40, 20.607826184400643, 1.4142135623730951
110, 117, -40, 23.165699970936775, 4.0
110, 118, -40, 19.358680951095845, 1.0
112, 120, -40, 15.33014644399952, 2.8284271247461903
114, 121, -40, 17.662663289220202, 2.23606797749979
115, 123, -40, 13.544735546610156, 2.23606797749979
120, 124, -40, 15.805221802521952, 5.0990195135927845
121, 124, -40, 18.266305816960333, 1.0
123, 125, -40, 14.647294824894006, 2.23606797749979
126, 125, -40, 17.566491744709015, 3.0
128, 125, -40, 17.56659636516571, 2.0
130, 125, -40, 17.566678957533835, 2.0
131, 126, -40, 14.064209468722861, 1.4142135623730951
134, 126, -37.596230713244104, 16.866848982977864, 3.0
135, 126, -40, 16.86693389985561, 1.0
137, 126, -38.8086765136318, 16.867025860571857, 2.0
142, 127, -28.198728378601885, 13.70108548535227, 5.0990195135927845
143, 127, -36.87138669934329, 16.167196888327595, 1.0
145, 127, -32.95769666706043, 16.167280960559843, 2.0
147, 127, -31.17376320531033, 16.16735952119827, 2.0
149, 127, -31.086867307146544, 16.167460776925086, 2.0
151, 128, -28.64785049710888, 12.676806778946085, 2.23606797749979
153, 129, -26.97706125621133, 11.84097842265578, 2.23606797749979
154, 129, -29.293717796117573, 14.76768540148735, 1.0
156, 130, -25.99028458655807, 11.697771767423886, 2.23606797749979
159, 130, -20.71140223047916, 14.06784555773735, 3.0
163, 132, -14.10827096873098, 6.806584152797295, 4.47213595499958
165, 133, -18.96472196867501, 9.234989445035401, 2.23606797749979
365, 222, 218.908656749796, 0, 0
169, 134, 214.84878403193255, 0, 0
169, 134, -16.967186173050845, 10.102157217643967, 0.0
171, 136, -12.96492735282347, 2.6017577752580934, 2.8284271247461903
173, 137, -13.619556032610411, 6.562389660954711, 2.23606797749979
175, 137, -12.023091716132857, 9.168242917156219, 2.0
177, 138, -10.3590306559128, 5.631478389834942, 2.23606797749979
179, 139, -9.244193950091294, 5.074731388714341, 2.23606797749979
182, 140, -4.207964669163852, 4.293892775157662, 3.1622776601683795
184, 140, -5.156020755698428, 7.0683955677509305, 2.0
186, 140, -4.373783654348058, 7.068432896709442, 2.0
188, 141, -2.8607535612136203, 3.6334009523154798, 2.23606797749979
189, 141, -4.898461426244332, 6.3684987282037735, 1.0
191, 141, -1.0717417685149249, 6.368533613014221, 2.0
192, 141, -2.585882779405143, 6.368564161658287, 1.0
195, 141, 5.128692411766785, 6.368595702075958, 3.0
195, 141, -3.431770092868805, 6.3686278233528135, 0.0
198, 142, 6.437226215918567, 3.0797100300348843, 3.1622776601683795
198, 142, -1.3317861498355865, 5.668692052173614, 0.0
200, 142, 6.018256408185183, 5.668718942546844, 2.0
202, 143, 7.419909527630972, 1.9927924147804963, 2.23606797749979
203, 143, 5.041789882448631, 4.968766825985908, 1.0
203, 143, 2.1682422693729397, 4.968793099117279, 0.0
204, 143, 5.400744478811186, 4.968820738601684, 1.0
205, 143, 6.409733275676804, 4.968845370841025, 1.0
207, 145, 10.644793441899417, -2.107783784546644, 2.8284271247461903
207, 145, 4.968325409698486, 3.568880905818939, 0.0
208, 146, 8.497048633865505, 0.040295486795165925, 1.4142135623730951
208, 146, 5.668383264732361, 2.8689098338127135, 0.0
210, 147, 12.71891105503331, -0.6564970317328851, 2.23606797749979
210, 148, 7.068457309675217, -1.1181202424697514, 1.0
212, 148, 14.37476215814457, 1.4689349543333052, 2.0
211, 147, 4.97741453203214, 4.959994233362513, 1.4142135623730951
212, 148, 11.116401571229739, -1.1788656393802617, 1.4142135623730951
212, 148, 8.468627793240545, 1.4689607758045196, 0.0
212, 147, 8.468676645207404, 4.625373574447771, 1.0
213, 147, 12.305185672580741, 2.1689825539827345, 1.0
215, 147, 16.188036902920985, 2.168993231248855, 2.0
214, 146, 7.167943693956497, 5.569574644377052, 1.4142135623730951
214, 145, 9.868873226189612, 6.374242630089034, 1.0
216, 146, 16.592059467595682, 0.2074271630951956, 2.23606797749979
217, 145, 14.782810919492396, 6.383045728666637, 1.4142135623730951
216, 145, 8.427265163628796, 3.569076258802414, 1.0
218, 145, 18.186665870392275, 3.569094382786751, 2.0
216, 146, 5.868736788834933, 0.1688903104016206, 2.23606797749979
217, 147, 14.597298672021825, -0.45872476049945865, 1.4142135623730951
216, 147, 8.51523187822655, 2.1691315044403074, 1.0
217, 147, 14.779122309712111, 2.1691421823501584, 1.0
217, 147, 11.969417574095724, 2.16915272192955, 0.0
217, 147, 11.969474653315542, 2.169162795019149, 0.0
215, 148, 5.2615622026203, -1.1848309473711451, 2.23606797749979
216, 149, 14.17640294787483, -2.1375422382227263, 1.4142135623730951
214, 148, 4.635820762417695, 4.0862378437718325, 2.23606797749979
216, 149, 16.97177108053325, -2.0816782964196507, 2.23606797749979
214, 150, 4.507833551488371, -2.611926566542278, 2.23606797749979
215, 149, 13.529181787601207, 3.7286548725774584, 1.4142135623730951
217, 151, 17.523096470412472, -6.183720966102335, 2.8284271247461903
215, 152, 5.138110228998173, -4.046742735129984, 2.23606797749979
215, 152, 10.569969981217385, -1.3308299703359603, 0.0
215, 153, 10.570022583270074, -4.882382074628106, 1.0
215, 154, 10.570075732851029, -5.5530782321459515, 1.0
214, 154, 7.064608651476812, -2.7308689218997952, 1.0
214, 155, 9.870175051546095, -6.2639951987575575, 1.0
216, 157, 16.921866134835007, -10.482545804453615, 2.8284271247461903
214, 158, 4.049869576583906, -8.441063166113052, 2.23606797749979
216, 160, 16.49415411909404, -12.154952855003508, 2.8284271247461903
216, 163, 11.27039603486061, -17.758488233631834, 3.0
216, 165, 11.270458811044692, -15.528586170633142, 2.0
216, 165, 11.270514411020278, -10.431132781004905, 0.0
216, 164, 11.270568696069716, -6.783672197236314, 1.0
216, 163, 11.270625678491593, -6.223418304011757, 1.0
215, 160, 7.841186796452198, 1.2562592293281947, 3.1622776601683795
215, 157, 10.570731488418579, 4.018513660393343, 3.0
215, 157, 10.57078820962906, -4.831313418412208, 0.0
214, 154, 7.06451395454549, 5.687363116007267, 3.1622776601683795
214, 154, 9.870887218570708, -2.7313417068719863, 0.0
214, 152, 9.870936638927459, 4.334256182259687, 2.0
214, 150, 9.870987423801422, 5.5813068155538055, 2.0
214, 150, 9.871038411951064, 0.06865123298168183, 0.0
213, 148, 6.366111876332845, 7.078754198519377, 2.23606797749979
212, 148, 5.702117116128782, 1.4686655859708786, 1.0
212, 148, 8.471169588398933, 1.468672501349449, 0.0
211, 148, 4.98912092120895, 1.4686796899557113, 1.0
211, 149, 7.771248207783699, -2.0460025271387696, 1.0
211, 149, 7.771291365098953, 0.7686871668577194, 0.0
210, 150, 4.248704380698961, -2.754429209261282, 1.4142135623730951
210, 153, 7.071366347026825, -9.616052664468228, 3.0
210, 155, 7.071399131965637, -9.531880703901376, 2.0
210, 158, 7.07143667216301, -13.52265260840095, 3.0
210, 160, 7.071473663043975, -12.33737951960436, 2.0
210, 163, 7.07151132221222, -16.998502159188643, 3.0
210, 167, 7.071545649957657, -23.484140134094122, 4.0
209, 168, 3.588714516333849, -15.31446204714486, 1.4142135623730951
209, 167, 6.3716111591577524, -9.118375629195397, 1.0
209, 167, 6.371643199324608, -11.8317032800436, 0.0
210, 167, 9.808332835622378, -11.83176540133953, 1.0
209, 166, 3.713759962842026, -8.474242475841823, 1.4142135623730951
209, 166, 6.371745229554176, -11.131881825900077, 0.0
209, 166, 6.371778901362419, -11.131941686129569, 0.0
210, 166, 10.18513708039235, -11.131993078494071, 1.0
209, 168, 3.651432115913582, -17.972918511075537, 2.23606797749979
209, 168, 6.371876382923126, -12.532123801207542, 0.0
208, 168, 2.8784585552279824, -12.532188237738609, 1.0
209, 168, 9.102995809449386, -12.532254150128365, 1.0
209, 167, 6.371972268438339, -9.207729414753164, 1.0
209, 166, 6.37200330953598, -8.232811701846092, 1.0
210, 166, 9.966158269455681, -11.132429390835762, 1.0
209, 165, 3.596701392993845, -7.657096175147247, 1.4142135623730951
209, 164, 6.372103663158416, -7.035944745207415, 1.0
209, 164, 6.372136259508133, -9.732586055850982, 0.0
209, 163, 6.372173814725875, -6.636169041849232, 1.0
209, 164, 6.37220190281868, -12.936888731305448, 1.0
209, 164, 6.372234636712074, -9.732734914255142, 0.0
209, 164, 6.372271785092353, -9.732792702293395, 0.0
209, 164, 6.372301517271995, -9.732838951349258, 0.0
209, 164, 6.3723347715139385, -9.732890678501128, 0.0
209, 164, 6.372364935851097, -9.732937602472305, 0.0
209, 164, 6.372397555375099, -9.732988343954085, 0.0
210, 164, 9.834915724791543, -9.73303904070854, 1.0
210, 163, 7.0724733045339585, -6.503933070781102, 1.0
210, 164, 7.072506937527656, -12.70657700751747, 1.0
210, 164, 7.07254201438427, -9.733186632680892, 0.0
211, 165, 10.626508677180638, -13.28720614899743, 1.4142135623730951
211, 166, 7.772621796631812, -13.80068489393861, 1.0
212, 167, 11.446734144728378, -14.807512689251023, 1.4142135623730951
212, 168, 8.472705490422248, -15.301884022735036, 1.0
212, 168, 8.472751183819769, -12.533489894270897, 0.0
213, 168, 11.851171868734452, -12.533557106137275, 1.0
214, 167, 12.76017490575408, -8.94587181919301, 1.4142135623730951
213, 165, 6.257448458458313, -4.603102972460408, 2.23606797749979
214, 163, 12.541264296085153, -3.6967725141293695, 2.23606797749979
214, 161, 9.872998494315146, -2.374244764072495, 2.0
215, 159, 13.524290525003657, -0.3305583922099524, 2.23606797749979
215, 156, 10.573113524603844, 2.875149456375291, 3.0
215, 154, 10.573157273936271, 4.123758019664539, 2.0
216, 152, 14.110250757943032, 4.339895915431924, 2.23606797749979
216, 149, 11.273273148798943, 8.835968065327146, 3.0
216, 146, 11.273341755747794, 9.863069607565325, 3.0
215, 142, 7.494821462787471, 17.98003814897587, 4.123105625617661
216, 141, 14.18854523981853, 9.281425781415162, 1.4142135623730951
216, 139, 11.273501739144324, 13.442815150926908, 2.0
216, 138, 11.273557151818276, 11.353731384063888, 1.0
217, 137, 14.637855222867998, 11.83062516054847, 1.4142135623730951
217, 136, 11.973694753479956, 12.170161965182675, 1.0
217, 135, 11.973749749803542, 13.657576204328246, 1.0
218, 135, 15.59940311767526, 10.566534541797639, 1.0
218, 133, 12.673873649406433, 17.738108123797222, 2.0
218, 133, 12.673934729099273, 11.966651136565208, 0.0
218, 132, 12.673998868227004, 15.473095749304836, 1.0
218, 131, 12.674068216848372, 15.96198456796113, 1.0
218, 129, 12.674141455316542, 19.68292847122638, 2.0
217, 127, 9.000210969344337, 22.11488438298081, 2.23606797749979
217, 127, 11.97425512049198, 16.16702770552635, 0.0
217, 126, 11.974320405650138, 19.471145449460465, 1.0
217, 125, 11.974391639161109, 19.953701102979213, 1.0
216, 123, 8.426256156751235, 24.663664060214664, 2.23606797749979
216, 123, 11.274507674241065, 18.967420437312125, 0.0
216, 122, 11.27455960714817, 22.748522673019306, 1.0
216, 121, 11.274616264557837, 23.1914336369149, 1.0
216, 120, 11.27467454779148, 23.81301004098046, 1.0
215, 120, 8.160748771964595, 21.06784757037163, 1.0
214, 117, 6.821626238865626, 32.32769126051481, 3.1622776601683795
214, 116, 9.87483407371044, 26.58473970006941, 1.0
214, 115, 9.874881864190101, 27.497654035072266, 1.0
214, 114, 9.874933774924278, 27.96520179785188, 1.0
213, 113, 6.84603693595019, 28.29743236703699, 1.4142135623730951
213, 112, 9.175032477259636, 29.70010442557326, 1.0
213, 110, 9.175077998137473, 33.78077297336664, 2.0
212, 110, 5.429498879729575, 28.068889387512208, 1.0
212, 109, 8.475163541293142, 31.369698086046693, 1.0
212, 108, 8.475212384676931, 31.92597828420461, 1.0
212, 107, 8.475254333281516, 33.03018733634812, 1.0
211, 106, 4.9045266209029155, 33.740209013882016, 1.4142135623730951
210, 104, 4.268553426718458, 37.88323517024567, 2.23606797749979
210, 104, 7.07536717069149, 32.269864383959764, 0.0
210, 103, 7.075404149651527, 35.673842862210066, 1.0
210, 103, 7.075446000695228, 32.9702348760128, 0.0
209, 101, 3.36087543709339, 40, 2.23606797749979
209, 101, 6.375507877326012, 34.370571755218506, 0.0
209, 102, 6.375542471599578, 31.069492334384197, 1.0
209, 101, 6.37557319662571, 37.30019317942381, 1.0
208, 101, 3.364862030679799, 34.37113559098243, 1.0
208, 100, 5.67563213121891, 38.36153128565001, 1.0
207, 100, 2.238022183233661, 35.07147019000053, 1.0
207, 99, 4.975683911609649, 38.44188279644079, 1.0
207, 99, 4.975711011195182, 35.771858600902554, 0.0
207, 99, 4.975735008740425, 35.77203343043327, 0.0
207, 100, 4.9757615310430525, 32.43293468909178, 1.0
207, 100, 4.9757868422031395, 35.072403675413135, 0.0
207, 101, 4.975810380458832, 31.398559700587356, 1.0
207, 101, 4.9758346418619155, 34.37273827068805, 0.0
206, 101, 1.9295933277054682, 34.372947114253044, 1.0
205, 102, 0.3100212390830377, 30.407265234537736, 1.4142135623730951
205, 102, 3.5758944088697433, 33.673275381159776, 0.0
204, 103, -0.2968608983936636, 29.80053559059484, 1.4142135623730951
204, 103, 2.8759227804899212, 32.97360874769687, 0.0
204, 103, 2.8759376505613323, 32.97378350689411, 0.0
204, 104, 2.8759543000936505, 29.871119685287844, 1.0
203, 104, -0.9672024748403887, 32.274121289563176, 1.0
204, 105, 5.783620529408615, 28.666633126144244, 1.4142135623730951
204, 105, 2.8759928258180616, 31.57444733674526, 0.0
204, 106, 2.8760077342271804, 28.191870724887256, 1.0
204, 107, 2.8760243106126784, 27.761357214262603, 1.0
204, 108, 2.8760371433496474, 26.3580352826942, 1.0
204, 108, 2.8760509413957593, 29.4750691378355, 0.0
204, 109, 2.8760670850038528, 26.29753231815073, 1.0
204, 109, 2.8760828842401502, 28.7753965637207, 0.0
205, 110, 6.58389022542404, 25.067630979054794, 1.4142135623730951
205, 111, 3.5761190137147905, 24.8123179016124, 1.0
206, 111, 7.145001290032986, 27.375817632269857, 1.0
207, 113, 7.832171900616119, 20.26393225787077, 2.23606797749979
207, 113, 4.97619483373165, 25.976107853031156, 0.0
207, 113, 4.976219315433502, 25.97623725719452, 0.0
207, 114, 4.976243298959732, 22.357507729306466, 1.0
208, 115, 8.445904841030288, 21.806945751485173, 1.4142135623730951
208, 115, 5.676300616502761, 24.57661136507988, 0.0
208, 116, 5.676334266901016, 21.499300571795693, 1.0
208, 116, 5.676361511659622, 23.87687016868591, 0.0
208, 117, 5.676389718294144, 20.340755175216728, 1.0
208, 117, 5.676416733407974, 23.177097954463957, 0.0
209, 118, 9.175450556064646, 19.678304006753635, 1.4142135623730951
208, 118, 2.8382305151185396, 22.477325023555753, 1.0
209, 119, 8.992947538105867, 19.162720153748836, 1.4142135623730951
209, 119, 6.376545016002654, 21.777559061026572, 0.0
210, 120, 9.932431925033615, 18.22150104742513, 1.4142135623730951
210, 120, 7.076616094064713, 21.077772280192374, 0.0
210, 120, 7.076651904773712, 21.07787971661091, 0.0
211, 120, 10.446251907406257, 21.07799210546017, 1.0
211, 121, 7.7767380450010295, 17.929882680830133, 1.0
212, 122, 11.642455647838231, 16.512543204491738, 1.4142135623730951
213, 122, 11.93643329460545, 19.678300472044942, 1.0
214, 123, 12.729519179699576, 16.125631660312415, 1.4142135623730951
216, 123, 16.956803890862904, 18.978490192198752, 2.0
218, 124, 18.13996375322101, 15.547100689102422, 2.23606797749979
220, 124, 18.86007303203146, 18.27869409763813, 2.0
225, 125, 34.461618165374276, 14.20195646776023, 5.0990195135927845
227, 125, 24.020884381196645, 17.578867267608643, 2.0
230, 125, 29.929589497479068, 17.57895199263096, 3.0
233, 125, 31.73687292536361, 17.579039609670637, 3.0
235, 125, 29.63730246533368, 17.579138434767724, 2.0
238, 126, 33.912990156444465, 14.467512545653202, 3.1622776601683795
241, 127, 38.26341470370917, 13.017258592224191, 3.1622776601683795
243, 127, 35.97821761513866, 16.179389994215963, 2.0
245, 127, 36.854008604732364, 16.179477194309232, 2.0
247, 127, 38.509657223826856, 16.17956035296917, 2.0
249, 127, 39.46052493381656, 16.17965086736679, 2.0
251, 128, 40, 12.437440401705615, 2.23606797749979
252, 127, 39.209981752246264, 18.910794104302287, 1.4142135623730951
254, 128, 40, 12.537770378594796, 2.23606797749979
255, 128, 40, 15.479965842676162, 1.0
256, 128, 40, 15.480059852552413, 1.0
257, 128, 40, 15.480130892610548, 1.0
258, 128, 40, 15.480210436201094, 1.0
259, 128, 40, 15.480285410165786, 1.0
260, 127, 40, 18.944489061344143, 1.4142135623730951
261, 127, 40, 16.180449990820883, 1.0
262, 126, 40, 19.357385929270425, 1.4142135623730951
266, 127, 40, 13.210553728189758, 4.123105625617661
267, 126, 40, 19.572510327432717, 1.4142135623730951
269, 126, 40, 16.880795967960356, 2.0
271, 126, 40, 16.880883310985563, 2.0
272, 125, 40, 20.299764926014532, 1.4142135623730951
274, 126, 40, 14.25675637683192, 2.23606797749979
276, 125, 40, 20.224724606129886, 2.23606797749979
278, 125, 40, 17.581247671198845, 2.0
281, 124, 40, 21.107080762550375, 3.1622776601683795
281, 124, 40, 18.281431880927084, 0.0
282, 124, 40, 18.28152702820301, 1.0
284, 125, 40, 14.830190124623392, 2.23606797749979
287, 125, 40, 17.581708192944525, 3.0
288, 126, 40, 14.108334435174594, 1.4142135623730951
288, 126, 40, 16.88188076469898, 0.0
289, 127, 40, 13.252075782362242, 1.4142135623730951
289, 127, 40, 16.182048706269264, 0.0
289, 127, 40, 16.182143671178817, 0.0
289, 128, 40, 12.04518326860494, 1.0
288, 128, 40, 15.482289688873289, 1.0
287, 129, 40, 11.946861015246256, 1.4142135623730951
287, 129, 40, 14.782438747525214, 0.0
286, 129, 40, 14.782518366503714, 1.0
284, 130, 40, 11.595596786380591, 2.23606797749979
283, 130, 40, 14.082661916899681, 1.0
282, 130, 40, 14.082735992598534, 1.0
281, 130, 40, 14.082807330298424, 1.0
280, 130, 40, 14.082896794962883, 1.0
278, 130, 40, 14.082957366633416, 2.0
277, 131, 40, 10.491017907476763, 1.4142135623730951
276, 131, 40, 13.383095084452629, 1.0
274, 131, 40, 13.383163356733322, 2.0
273, 131, 40, 13.383242729663849, 1.0
272, 131, 40, 13.383310284399986, 1.0
271, 132, 40, 9.731070611154916, 1.4142135623730951
271, 131, 40, 16.057017026485354, 1.0
270, 131, 40, 13.383515387392043, 1.0
270, 131, 40, 13.38359547650814, 0.0
270, 131, 40, 13.383653943252563, 0.0
271, 131, 40, 13.383722157096862, 1.0
271, 130, 40, 16.815208916813045, 1.0
272, 130, 40, 14.083874644851685, 1.0
273, 129, 40, 17.228464313929507, 1.4142135623730951
274, 129, 40, 14.7840235247612, 1.0
274, 129, 40, 14.784101839470862, 0.0
274, 129, 40, 14.784183767080306, 0.0
274, 129, 40, 14.784262777733803, 0.0
275, 129, 40, 14.784348075413703, 1.0
274, 129, 40, 14.784413593268393, 1.0
274, 129, 40, 14.78448843126297, 0.0
273, 129, 40, 14.784566922712326, 1.0
274, 130, 40, 11.502390083286187, 1.4142135623730951
272, 130, 40, 14.084714891004563, 2.0
271, 130, 40, 14.08478784661293, 1.0
270, 130, 40, 14.08485378460884, 1.0
270, 130, 40, 14.084926396417618, 0.0
269, 130, 40, 14.085007530736924, 1.0
267, 130, 40, 14.085068486738205, 2.0
265, 130, 40, 14.085148696470261, 2.0
264, 130, 40, 14.085222180891037, 1.0
263, 131, 40, 10.455137453288295, 1.4142135623730951
260, 130, 33.68052698474744, 16.89136327709604, 3.1622776601683795
259, 130, 39.07436405039497, 14.085444369769096, 1.0
254, 130, 22.67960021589688, 14.085510074114799, 5.0
252, 131, 30.622812739188987, 10.447749309505397, 2.23606797749979
252, 131, 36.49878566071987, 13.385647307229041, 0.0
248, 132, 22.512655125585486, 9.889136128256542, 4.123105625617661
246, 133, 27.42159451831057, 9.547345966889054, 2.23606797749979
244, 133, 25.46521574267161, 11.985843945097923, 2.0
241, 133, 20.13669451581771, 11.9859028178215, 3.0
239, 135, 21.904198460036362, 5.0907080851682185, 2.8284271247461903
236, 135, 16.968267188444756, 10.586011420822144, 3.0
234, 135, 18.945068720560023, 10.586071974015235, 2.0
229, 137, 7.648149719911974, 4.085021676731832, 5.385164807134504
226, 137, 8.755252444039062, 9.186163802409173, 3.0
224, 138, 11.411831161326859, 5.742052341816175, 2.23606797749979
221, 138, 6.260221691428823, 8.486249686598777, 3.0
219, 139, 8.695656280411864, 5.433950161482952, 2.23606797749979
216, 140, 2.9949658646867334, 4.317942991145772, 3.1622776601683795
213, 140, -0.04379239004632751, 7.086365022373199, 3.0
210, 140, -1.1793244988829077, 7.086401255321503, 3.0
207, 141, -3.2973721363716972, 3.6208917745778786, 3.1622776601683795
205, 141, -1.4929736453721452, 6.3864691368818285, 2.0
203, 141, -3.7751985419660916, 6.386499257445335, 2.0
199, 142, -11.445568707825606, 2.9748929746236823, 4.123105625617661
197, 143, -7.691194973381684, 2.14077727170561, 2.23606797749979
195, 143, -8.871637489000552, 4.986578940653801, 2.0
192, 143, -14.328323057198077, 4.986602727413177, 3.0
190, 143, -11.804715568927282, 4.986631269288062, 2.0
187, 143, -16.573253534509586, 4.986658996891975, 3.0
182, 144, -28.711470346682074, 1.0443525355650314, 5.0990195135927845
182, 144, -12.499786795830726, 4.286699702668189, 0.0
180, 145, -19.347503514324718, 0.8631970908857016, 2.23606797749979
178, 145, -20.660760295013755, 3.586736714172363, 2.0
174, 145, -28.46780451981374, 3.586756004142761, 4.0
172, 146, -25.46638706700025, -0.09622858805075074, 2.23606797749979
170, 146, -26.255864213990144, 2.8867843502044677, 2.0
168, 147, -28.0234817570867, -0.6746877893060637, 2.23606797749979
166, 148, -28.486663029258068, -0.9061678935111481, 2.23606797749979
164, 147, -30.31565274776131, 4.794434312871486, 2.23606797749979
162, 148, -32.506227957656854, -1.515930607784783, 2.23606797749979
161, 148, -30.00273121158783, 1.4868284955978393, 1.0
159, 149, -34.27508652901343, -2.050281828053431, 2.23606797749979
157, 149, -34.98702292674781, 0.7868360318899155, 2.0
156, 149, -33.453695546841544, 0.7868396651029587, 1.0
154, 151, -38.23086827429186, -6.742319548421629, 2.8284271247461903
152, 151, -39.21321061047412, -0.6131670995950699, 2.0
151, 152, -37.01205425682557, -4.123352838258872, 1.4142135623730951
150, 152, -37.50711207161868, -1.313181893992424, 1.0
251, 246, 137.97463535012514, 0, 0
146, 153, 140.2640367307315, 0, 0
146, 153, -40, -3.2153438270579073, 0.0
145, 153, -40, -2.0132141457319257, 1.0
144, 153, -40, -2.0132254818916318, 1.0
143, 154, -40, -5.583926852527002, 1.4142135623730951
143, 154, -39.803286899924274, -2.7132552899360656, 0.0
142, 156, -40, -9.223547303672877, 2.23606797749979
141, 156, -40, -4.1132983423233025, 1.0
140, 156, -40, -4.113320145606994, 1.0
139, 156, -40, -4.113344792461395, 1.0
139, 157, -40, -7.5984138507260255, 1.0
139, 157, -40, -4.813396283793449, 0.0
139, 159, -40, -11.936392983192242, 2.0
139, 158, -40, -2.6953662930225346, 1.0
139, 158, -40, -5.5134838952302925, 0.0
140, 159, -39.072712641177425, -9.046375538673892, 1.4142135623730951
141, 161, -38.7397404597071, -12.545627556083211, 2.23606797749979
140, 160, -40, -4.037809814468723, 1.4142135623730951
140, 161, -40, -10.367465385063177, 1.0
141, 161, -38.310387555580334, -7.613672970628738, 1.0
141, 161, -40, -7.613712206363677, 0.0
142, 162, -37.919588897926474, -10.901078307583685, 1.4142135623730951
142, 163, -40, -11.515497904830703, 1.0
142, 163, -40, -9.013853988456725, 0.0
143, 163, -37.08343499249353, -9.013901712727547, 1.0
144, 164, -36.29506197951197, -12.52650446419358, 1.4142135623730951
144, 164, -39.10784829592704, -9.714009826016426, 0.0
144, 164, -39.108035783529274, -9.714056696581839, 0.0
145, 164, -35.62915017826894, -9.714107072901724, 1.0
145, 164, -38.40842390668392, -9.714155493569374, 0.0
144, 164, -40, -9.714203264355659, 1.0
143, 164, -40, -9.71425533864498, 1.0
142, 164, -40, -9.714306914591788, 1.0
142, 163, -40, -6.57288723426004, 1.0
141, 163, -40, -9.014403623056412, 1.0
140, 163, -40, -9.014449160671234, 1.0
139, 162, -40, -5.483390845700827, 1.4142135623730951
139, 162, -40, -8.314542705535887, 0.0
138, 162, -40, -8.314580748844145, 1.0
137, 162, -40, -8.314624839496611, 1.0
138, 162, -40, -8.314667986583709, 1.0
137, 162, -40, -8.314708790206907, 1.0
138, 162, -40, -8.314750409793852, 1.0
138, 162, -40, -8.314796658802031, 0.0
138, 160, -40, -1.9696277947229683, 2.0
140, 159, -35.86612955995517, -3.19196685958364, 2.23606797749979
140, 158, -40, -2.5637566038433874, 1.0
142, 157, -34.781159090021966, -1.9494086144183895, 2.23606797749979
144, 157, -33.5030393682633, -4.814943368554115, 2.0
144, 156, -39.11275152254104, -1.5290505919288742, 1.0
146, 153, -32.55261410591567, 5.72554185904316, 3.605551275463989
149, 152, -27.398471134482286, 1.4232576836554403, 3.1622776601683795
151, 151, -28.644788171188196, 2.169352278663481, 2.23606797749979
153, 148, -27.21608530419984, 9.880622389787689, 3.605551275463989
155, 147, -25.791749497850603, 4.996149070040989, 2.23606797749979
157, 145, -25.196279079345786, 8.40235100218803, 2.8284271247461903
160, 145, -19.43486276327518, 3.585067173790932, 3.0
162, 144, -20.64469862082839, 7.219891278980434, 2.23606797749979
164, 143, -19.40660352447447, 7.838904339978307, 2.23606797749979
165, 142, -21.672298189699486, 8.426982421509289, 1.4142135623730951
167, 142, -17.637405588393833, 5.685171077060699, 2.0
167, 141, -23.01460072238445, 9.05520542149559, 1.0
168, 140, -19.47991994772045, 9.920033718513565, 1.4142135623730951
169, 138, -18.762000602367632, 14.191080693580078, 2.23606797749979
170, 138, -18.100413077304076, 8.485324760580061, 1.0
169, 138, -24.319214220787874, 8.485369136476516, 1.0
169, 137, -21.615163229322434, 11.774543836459133, 1.0
169, 137, -21.615266517472268, 9.185462660884857, 0.0
168, 137, -24.800481700409314, 9.185514971709251, 1.0
167, 137, -26.036292728687794, 9.185558009624481, 1.0
166, 137, -26.564376536475365, 9.185603642392158, 1.0
165, 137, -27.171173316314885, 9.185650824570656, 1.0
164, 137, -27.687048711497333, 9.185701382660865, 1.0
164, 138, -25.116015968871118, 5.607056433974149, 1.0
160, 137, -39.51841385381324, 12.08645317838469, 4.123105625617661
159, 137, -31.568136306177347, 9.185831925916672, 1.0
158, 136, -31.96833812443827, 12.537771695872289, 1.4142135623730951
157, 136, -32.89754114075499, 9.885933314085007, 1.0
156, 135, -33.566572027865796, 13.435570843608867, 1.4142135623730951
156, 135, -30.716938839435574, 10.586048689484596, 0.0
156, 135, -30.717090137481687, 10.586100268363953, 0.0
155, 135, -34.33996146252444, 10.586151591181755, 1.0
155, 135, -31.417405407547946, 10.586205356955528, 0.0
154, 135, -34.99826838747878, 10.586257427930832, 1.0
154, 135, -32.1177616579771, 10.58632152879238, 0.0
155, 136, -28.328931545075008, 6.7972090507607, 1.4142135623730951
155, 136, -31.418069332027432, 9.88641724860668, 0.0
156, 136, -27.879843341523316, 9.886466571831702, 1.0
157, 136, -27.245890798185467, 9.886517066645622, 1.0
158, 136, -26.585250603247147, 9.886568288779257, 1.0
157, 136, -32.55573857990996, 9.886623472619055, 1.0
159, 136, -22.866130831906744, 9.886672143626212, 2.0
159, 136, -28.61899172358513, 9.886722197842596, 0.0
161, 136, -21.51053410460385, 9.886771245360373, 2.0
160, 136, -30.854396900057125, 9.886818944716453, 1.0
163, 137, -17.77334220641111, 6.504830135542532, 3.1622776601683795
164, 137, -22.586094583323458, 9.186918728756904, 1.0
164, 136, -25.11967156136036, 12.724561766440264, 1.0
166, 137, -18.219681765195915, 6.4369766544384115, 2.23606797749979
167, 138, -19.873692286662138, 5.340704073828362, 1.4142135623730951
167, 138, -23.020028842473028, 8.487100300765036, 0.0
168, 139, -19.60687964688224, 5.074312441891757, 1.4142135623730951
170, 139, -15.641949793894387, 7.787182522296905, 2.0
170, 140, -20.920362607741357, 4.150543022881367, 1.0
170, 139, -20.92047109057903, 10.552743671245294, 1.0
172, 141, -13.625922745565237, 0.4926021181567952, 2.8284271247461903
173, 141, -16.102157695142182, 6.387319992160797, 1.0
175, 142, -11.95433436302772, 2.9546544286748198, 2.23606797749979
175, 142, -17.420850130844116, 5.687379103183746, 0.0
175, 142, -17.420944390821457, 5.68740926656723, 0.0
176, 143, -13.71334131123417, 1.979728097024743, 1.4142135623730951
177, 144, -13.14350372448515, 1.4098332584178062, 1.4142135623730951
178, 145, -12.608497170460504, 0.874801322970272, 1.4142135623730951
178, 145, -15.321264933323858, 3.587489941215515, 0.0
179, 146, -11.816535739062136, 0.08268138022583127, 1.4142135623730951
179, 147, -14.621416895914077, -0.5366071731860278, 1.0
180, 147, -11.02940112805867, 2.1875255881547924, 1.0
180, 147, -13.921559884119034, 2.1875366632461546, 0.0
181, 148, -10.405977945459458, -1.3280111474680305, 1.4142135623730951
183, 150, -6.213017506819359, -5.52142672621395, 2.8284271247461903
184, 150, -8.638769744771281, 0.08754376664161682, 1.0
185, 150, -7.5346168058535525, 0.08754376664161682, 1.0
186, 151, -6.9065448729602865, -3.4277879144325034, 1.4142135623730951
187, 151, -6.104142261513598, -0.6124632126569748, 1.0
188, 152, -5.708605927819454, -3.9258420819767212, 1.4142135623730951
189, 152, -4.717540930363278, -1.312477751469612, 1.0
189, 152, -7.622028993082046, -1.3124862142324447, 0.0
190, 152, -3.8470360364114486, -1.3124927178144454, 1.0
190, 152, -6.922096099090576, -1.312499635052681, 0.0
191, 152, -3.446190203607354, -1.3125068395853041, 1.0
192, 151, -2.9199592799084657, 1.9896085818546776, 1.4142135623730951
193, 152, -2.1710027082663936, -3.963717943182594, 1.4142135623730951
194, 151, -1.552783819976777, 1.956824381316686, 1.4142135623730951
195, 150, -0.3919217877177079, 3.1179786655410173, 1.4142135623730951
196, 151, 0.11714056833081443, -3.451828931010555, 1.4142135623730951
196, 149, -2.7222531852722165, 6.678974751907628, 2.0
197, 149, 0.3422409089127987, 0.7874819838285446, 1.0
197, 148, -2.022277877116203, 3.98662840045775, 1.0
199, 148, 5.820186455199799, 1.4874961950063705, 2.0
200, 148, 2.816462839779041, 1.4875034975767134, 1.0
200, 147, 0.07771901848316193, 4.852256814151827, 1.0
200, 147, 0.07771901848316193, 2.187527336478233, 0.0
201, 146, 3.7544327622714864, 5.864251158505999, 1.4142135623730951
200, 144, -2.895738184425573, 10.234439918321874, 2.23606797749979
200, 143, 0.0777223778963089, 7.628005468143206, 1.0
200, 143, 0.0777223778963089, 4.9876144740343085, 0.0
201, 142, 3.621938875606853, 8.531855583122569, 1.4142135623730951
201, 142, 0.7777300420045852, 5.687675785946846, 0.0
201, 141, 0.7777332941055297, 9.462820709871018, 1.0
201, 142, 0.7777367600917816, 2.8027297218647895, 1.0
201, 140, 0.777740496301651, 12.440207858260706, 2.0
202, 141, 4.063536672744344, 3.8018730303055897, 1.4142135623730951
201, 139, -1.8948346539859493, 13.133121542943204, 2.23606797749979
203, 140, 8.185029167105293, 4.083966145127647, 2.23606797749979
203, 139, 2.177772963619232, 10.514361847401148, 1.0
203, 139, 2.177784009313583, 7.787960250258445, 0.0
203, 138, 2.1777966674804685, 10.858075864547018, 1.0
204, 138, 5.936465463459209, 8.488050112128256, 1.0
205, 139, 6.35182000518588, 5.014097530667506, 1.4142135623730951
205, 138, 3.5778453070402145, 11.339169479735485, 1.0
205, 138, 3.5778631296634673, 8.488174630117415, 0.0
206, 138, 7.100696763078035, 8.4882171400547, 1.0
207, 137, 7.412654151057227, 11.622955018412847, 1.4142135623730951
207, 136, 4.977937391948699, 12.77415580417423, 1.0
209, 137, 12.520631985202144, 6.117006239053353, 2.23606797749979
209, 136, 6.378000162506103, 12.577586994071584, 1.0
210, 137, 9.995953219118348, 6.2705392017457555, 1.4142135623730951
210, 136, 7.078072143697739, 12.540330693153452, 1.0
211, 137, 10.596693379820486, 6.37005045731798, 1.4142135623730951
212, 137, 10.934560608029503, 9.188609827041626, 1.0
212, 138, 8.478200502991674, 5.524268372536245, 1.0
213, 137, 12.097422937122175, 12.10789305869402, 1.4142135623730951
213, 137, 9.178291738462448, 9.188741543126106, 0.0
213, 137, 9.178341235923767, 9.188791049575805, 0.0
212, 138, 5.864625072851135, 5.874667611739612, 1.4142135623730951
211, 138, 4.850259395993458, 8.488877934551237, 1.0
212, 139, 11.402956053920915, 4.864404848261669, 1.4142135623730951
212, 139, 8.478511343288421, 7.788957344651221, 0.0
211, 138, 5.3624692211635425, 10.90510857942783, 1.4142135623730951
212, 139, 11.720117002832568, 4.547668139539629, 1.4142135623730951
211, 139, 5.306835180003375, 7.789085448026657, 1.0
210, 139, 4.175055689269318, 7.789123331809043, 1.0
210, 141, 7.078709541630745, 0.940946978746914, 2.0
209, 141, 3.5196380888837324, 6.3891878485918046, 1.0
208, 142, 3.159005383022272, 3.1694976245473314, 1.4142135623730951
207, 142, 2.130373574893016, 5.689247682881355, 1.0
206, 143, 1.3124019770071493, 2.022876666918129, 1.4142135623730951
206, 144, 4.278841484713554, 1.7803350158641598, 1.0
205, 144, 0.7088393361902949, 4.289316100478172, 1.0
204, 146, 0.22288956946266714, -2.4226039961385633, 2.23606797749979
202, 146, -4.312636839102139, 2.8893449741125106, 2.0
201, 147, -1.6445455759761805, -0.2340592199280236, 1.4142135623730951
200, 148, -3.0859586561189998, -1.6754083427036968, 1.4142135623730951
199, 150, -3.5374344311467327, -5.743389996642767, 2.23606797749979
198, 152, -3.969764184025297, -6.6076861355624015, 2.23606797749979
196, 153, -7.721414983777512, -4.510837088868193, 2.23606797749979
194, 155, -10.616807106032315, -9.906468823658006, 2.8284271247461903
193, 156, -7.595710065881908, -6.885235633738871, 1.4142135623730951
192, 156, -8.150659476002057, -4.110715715885162, 1.0
192, 157, -5.521243278121948, -7.7551231727709, 1.0
191, 157, -8.860067429205497, -4.810766017770766, 1.0
190, 158, -9.613387803240965, -8.202869007130811, 1.4142135623730951
190, 158, -6.9213532995224, -5.510826749277115, 0.0
189, 159, -10.44401468282147, -9.033500042158561, 1.4142135623730951
188, 158, -11.114342272722398, -2.7179616441809644, 1.4142135623730951
187, 159, -11.81104534415515, -9.000538706008403, 1.4142135623730951
187, 159, -9.021530732941628, -6.210953397774696, 0.0
187, 159, -9.021576606225967, -6.210985149765015, 0.0
186, 159, -12.430846967048197, -6.211018369674682, 1.0
185, 160, -13.307596439216335, -9.797048629843713, 1.4142135623730951
185, 159, -10.42173171262741, -3.2959637592756352, 1.0
185, 159, -10.421784221696853, -6.2111153976440425, 0.0
185, 160, -10.421838238167762, -9.688082175767345, 1.0
185, 160, -10.421899321365357, -6.911192130756378, 0.0
183, 159, -16.81810083279436, -3.713280450250851, 2.23606797749979
183, 159, -11.822021049809454, -6.21125657608509, 0.0
184, 160, -8.310486513245866, -9.722789355819607, 1.4142135623730951
184, 160, -11.122135508656502, -6.9113281121492385, 0.0
184, 160, -11.122198335957526, -6.91136738421917, 0.0
184, 161, -11.122251787114143, -10.605239869932817, 1.0
185, 161, -7.684313634940047, -7.61144430258274, 1.0
185, 161, -10.422359790372848, -7.6114833295583715, 0.0
185, 162, -10.422413813996315, -11.088144800190559, 1.0
185, 162, -10.422465867090224, -8.311568191218374, 0.0
186, 162, -7.1124333798123, -8.3116141715765, 1.0
186, 162, -9.722577309894561, -8.311663713622092, 0.0
187, 163, -5.880747333594834, -12.153599978163072, 1.4142135623730951
188, 163, -5.528266005442251, -9.011751609134674, 1.0
188, 163, -8.322704868245124, -9.011798453474045, 0.0
190, 163, -1.2219434740458643, -9.01184407043457, 2.0
190, 163, -6.922776971030236, -9.011892189884186, 0.0
191, 164, -3.587005978192613, -12.347617939468746, 1.4142135623730951
191, 164, -6.222842404699326, -9.71199397125244, 0.0
193, 165, 0.828805363235352, -13.237769097971803, 2.23606797749979
193, 165, -4.822891770648956, -10.412099760437012, 0.0
195, 166, 2.237649020407098, -13.94262651435223, 2.23606797749979
195, 166, -3.4229293272972106, -11.112219941329956, 0.0
195, 166, -3.422946879315376, -11.112276105880737, 0.0
196, 167, 0.06110290018538622, -14.596456754132488, 1.4142135623730951
196, 167, -2.7229752960443494, -11.812396874141692, 0.0
196, 168, -2.72298894598484, -15.442792113660785, 1.0
195, 169, -6.192383638886401, -15.981921831438976, 1.4142135623730951
194, 169, -6.895883864601643, -13.212595429515838, 1.0
194, 170, -4.123052141666411, -16.46545978650244, 1.0
193, 170, -7.721396440082519, -13.91274277935028, 1.0
192, 171, -8.296712151747517, -17.386443848798432, 1.4142135623730951
191, 171, -9.093745337136074, -14.612891648244856, 1.0
189, 171, -13.160576707443756, -14.612967491602896, 2.0
187, 171, -14.65478585865121, -14.613042075753212, 2.0
186, 172, -12.40936535679051, -17.9992664340086, 1.4142135623730951
184, 173, -15.848759501128928, -18.37595657890117, 2.23606797749979
182, 173, -18.758614329555424, -16.01329509527683, 2.0
181, 174, -16.04347083511786, -19.533402657330043, 1.4142135623730951
180, 174, -16.722764617833267, -16.713465941262243, 1.0
178, 174, -20.62739570178219, -16.713556440567967, 2.0
178, 174, -15.323701421785353, -16.713643361306186, 0.0
175, 176, -25.851220779421176, -23.732060452787607, 3.605551275463989
172, 176, -28.34793082934504, -18.11382431104183, 3.0
172, 177, -19.523985156989095, -21.626699614258705, 1.0
170, 177, -26.442697093183767, -18.814018157505988, 2.0
168, 178, -27.153425168438467, -21.928830802047237, 2.23606797749979
167, 178, -26.094070577155726, -19.51422532379627, 1.0
166, 178, -26.322184365566173, -19.514333115315434, 1.0
165, 178, -27.330636640719085, -19.514429466652867, 1.0
163, 178, -31.325265974449426, -19.514531271386144, 2.0
163, 178, -25.824851855802535, -19.514631230950354, 0.0
163, 179, -25.824999012327194, -22.729061058870997, 1.0
163, 178, -25.825129193663596, -16.67263653643058, 1.0
162, 178, -29.324360016725535, -19.51494511847496, 1.0
162, 178, -26.525397439360617, -19.515042742872236, 0.0
162, 178, -26.525537720227238, -19.515146116399762, 0.0
162, 178, -26.52568326308727, -19.515253353166578, 0.0
161, 178, -29.61853067551957, -19.515370379209518, 1.0
162, 177, -23.335871143084574, -15.625142391565717, 1.4142135623730951
163, 178, -23.036534510380903, -22.305100337920987, 1.4142135623730951
164, 177, -22.266984559674782, -15.95639095998465, 1.4142135623730951
165, 177, -21.621206976120448, -18.81574606451988, 1.0
338, 245, 185.88437266214714, 0, 0
166, 177, 184.95404834715026, 0, 0
168, 178, -18.841497047716178, -20.677667171178744, 2.23606797749979
168, 177, -22.326707893919945, -14.994542554410492, 1.0
169, 177, -18.869894672327884, -18.81615568509102, 1.0
171, 177, -15.235648645919824, -18.81626387360096, 2.0
172, 178, -16.974073746977997, -22.069268328297433, 1.4142135623730951
173, 178, -15.74822591083992, -19.516464488339423, 1.0
176, 177, -8.127280509997618, -15.950010929880511, 3.1622776601683795
176, 177, -16.727304782295224, -18.81665672290325, 0.0
178, 178, -10.20445148418953, -22.078110496200008, 2.23606797749979
183, 179, 2.8202292838116776, -23.146502936746725, 5.0990195135927845
183, 179, -11.827511205697059, -20.216971650385855, 0.0
187, 180, 2.351301222780762, -23.761772347997365, 4.123105625617661
246, 177, 59.07622195096772, 0, 0
246, 177, 40, -13.727843857079685, 0.0
189, 180, 57.07889277132134, 0, 0
192, 181, -40, -29.239352731467637, 3.1622776601683795
193, 180, -1.1842443764413204, -17.274315430747492, 1.4142135623730951
195, 181, 1.653681964914779, -24.15811223404137, 2.23606797749979
196, 181, 0.20842996712462636, -21.617708916711806, 1.0
198, 182, 3.430323619927154, -24.69664561605462, 2.23606797749979
199, 182, 2.5078097018005514, -22.317945495843887, 1.0
202, 183, 9.57629806759069, -25.719173405373336, 3.1622776601683795
341, 243, 151.3968295572929, 0, 0
342, 242, 40, -40, 1.4142135623730951
343, 242, 40, -40, 1.0
343, 242, 40, -40, 0.0
208, 181, 148.14182393908885, 0, 0
206, 181, -40, 40, 2.0
206, 181, 4.274523748493194, -21.61953939962387, 0.0
207, 182, 7.540643617761764, -24.88586658887304, 1.4142135623730951
345, 242, 150.47923444781344, 0, 0
207, 182, 150.47923444781344, 0, 0
208, 183, 6.788665558321752, -24.133982329359906, 1.4142135623730951
208, 183, 5.6746455433130265, -23.020053981471058, 0.0
207, 184, 2.2489909915484567, -26.445841242418236, 1.4142135623730951
207, 184, 4.9746960035800925, -23.72029907095432, 0.0
205, 184, -1.9667101809311838, -23.720421787953374, 2.0
205, 184, 3.5747331561088562, -23.72055170814991, 0.0
205, 185, 3.57475149204731, -27.147263965213575, 1.0
204, 185, 0.1410204338534773, -24.420808090019225, 1.0
202, 184, -4.395984578959433, -20.785524615985988, 2.23606797749979
201, 185, -2.022433149736783, -27.218184090577747, 1.4142135623730951
201, 185, 0.774780271935463, -24.421180639863014, 0.0
199, 185, -6.076619289753194, -24.421309033155442, 2.0
197, 183, -7.875437990721581, -17.171421504974344, 2.8284271247461903
197, 183, -2.025244746303558, -23.021543877935407, 0.0
195, 182, -9.349252474531962, -19.359740159867542, 2.23606797749979
194, 181, -7.00778730428741, -18.739254599375272, 1.4142135623730951
194, 181, -4.125303796577453, -21.621869790410994, 0.0
192, 181, -10.184821674276032, -21.622002852368354, 2.0
192, 179, -5.525363916778564, -14.016265266715799, 2.0
350, 237, 168.30923919975396, 0, 0
191, 177, 169.94410845922255, 0, 0
191, 177, -7.403241758536831, -16.46672269713971, 0.0
191, 177, -6.225463639378548, -18.822395478081702, 0.0
192, 176, -3.0004945700285575, -15.59763450015868, 1.4142135623730951
349, 235, 167.72000476985446, 0, 0
349, 235, 40, -40, 0.0
191, 173, 169.72919607421701, 0, 0
193, 173, -40, 40, 2.0
193, 173, -4.82465586206913, -16.0232014339447, 0.0
195, 172, 1.7345923744820504, -12.743494236893925, 2.23606797749979
196, 171, -0.3371559231999486, -12.235947317961735, 1.4142135623730951
197, 170, 1.1904333915775251, -10.708203570805388, 1.4142135623730951
197, 170, -2.0247120641231535, -13.923508444809913, 0.0
199, 168, 4.865570306561935, -7.034186204017086, 2.8284271247461903
200, 167, 2.861826945218627, -9.036666513070518, 1.4142135623730951
200, 167, 0.07528429307937623, -11.823696768021582, 0.0
203, 165, 10.087932204143847, -5.148629442068477, 3.605551275463989
203, 165, 2.175306055951118, -10.423805582380295, 0.0
205, 164, 9.52026316966776, -6.752161772405495, 2.23606797749979
206, 163, 7.038245099188706, -6.260252826787005, 1.4142135623730951
207, 163, 7.619601022963307, -9.023948902750014, 1.0
207, 162, 4.975396375846862, -5.557957835235662, 1.0
207, 162, 4.97542214846611, -8.324036469221113, 0.0
209, 162, 12.112862299359353, -8.324078297662734, 2.0
346, 227, 151.6377261765686, 0, 0
345, 227, 40, -40, 1.0
345, 227, 40, -40, 0.0
344, 226, 40, -40, 1.4142135623730951
343, 226, 40, -40, 1.0
344, 226, 40, -40, 1.0
344, 226, 40, -40, 0.0
212, 157, 148.94629904767692, 0, 0
213, 157, -40, 40, 1.0
342, 224, 145.3616180427282, 0, 0
342, 224, 40, -40, 0.0
212, 155, 147.1767644704829, 0, 0
213, 155, -40, 40, 1.0
213, 155, 9.179659423732756, -3.426286055326462, 0.0
212, 154, 5.587935030752573, 0.1655457541937304, 1.4142135623730951
213, 154, 11.957285338815801, -2.7263142881870266, 1.0
213, 154, 9.179795181083678, -2.7263288905620575, 0.0
214, 153, 12.325254080199208, 0.419003461743638, 1.4142135623730951
212, 152, 3.1695093144190025, 1.3288454645270242, 2.23606797749979
213, 153, 12.299563839156956, -5.1460988684874245, 1.4142135623730951
213, 150, 9.17998496003151, 8.614330898429518, 3.0
213, 150, 9.180034759998321, 0.07364169263839722, 0.0
212, 148, 6.027188258542914, 6.380330237623042, 2.23606797749979
211, 145, 4.735319332721444, 12.708531887624527, 3.1622776601683795
210, 144, 4.2887355993209235, 7.065033485505756, 1.4142135623730951
210, 143, 7.080191844010353, 7.735231109357389, 1.0
339, 217, 148.71785366928881, 0, 0
208, 141, 151.44966160411187, 0, 0
208, 141, 3.147623332401981, 8.906454099348855, 0.0
206, 138, -4.0730042674222515, 21.002600551253373, 3.605551275463989
339, 216, 154.18495387034366, 0, 0
204, 136, 156.92354826475216, 0, 0
204, 136, 0.4757047821432834, 12.27858237082442, 0.0
203, 135, -1.8110339790849301, 14.565349068119307, 1.4142135623730951
201, 134, -4.4339851164369515, 13.881177866901394, 2.23606797749979
201, 134, 0.7803175419807433, 11.274084872055052, 0.0
337, 214, 157.78466338652817, 0, 0
338, 215, 40, -40, 1.4142135623730951
197, 133, 163.11039206623224, 0, 0
195, 132, -40, 40, 2.23606797749979
195, 132, -3.418889304804802, 12.67382155508995, 0.0
195, 133, -3.4189082928180694, 9.34064590665439, 1.0
193, 132, -9.714306818556416, 15.121644616854006, 2.23606797749979
192, 133, -8.468710833440868, 9.024270464075954, 1.4142135623730951
191, 133, -9.11285593581074, 11.974076028299331, 1.0
190, 134, -9.757833985394011, 8.435424810456674, 1.4142135623730951
189, 133, -10.237844468983939, 14.593034836479726, 1.4142135623730951
188, 134, -10.7170870647054, 8.876532397851996, 1.4142135623730951
187, 134, -11.925721978445424, 11.274319079041481, 1.0
186, 134, -12.6203019880002, 11.274374231171608, 1.0
185, 134, -13.251898616337568, 11.27443071424961, 1.0
184, 134, -14.012485801949254, 11.274486019730567, 1.0
184, 134, -11.11938756620884, 11.274549965500832, 0.0
185, 134, -7.464954101051614, 11.274604114365577, 1.0
185, 133, -10.419498983025552, 14.448152388897409, 1.0
186, 134, -6.590540249286603, 8.14581387130452, 1.4142135623730951
186, 135, -9.719594677138328, 7.826991903245399, 1.0
186, 134, -9.71964999949932, 13.80532668180495, 1.0
187, 134, -6.6820692729260305, 11.274910242676734, 1.0
188, 135, -5.212783338753143, 7.467928578221737, 1.4142135623730951
188, 135, -8.319786652851104, 10.57501154398918, 0.0
187, 134, -11.892977402671896, 14.148311143643337, 1.4142135623730951
188, 135, -5.900462947130059, 8.155752546011044, 1.4142135623730951
188, 135, -8.319922474265097, 10.575180451583861, 0.0
188, 135, -8.319968566203116, 10.575238065075874, 0.0
188, 135, -8.320007391142843, 10.575286594462394, 0.0
188, 136, -8.320050862383841, 7.11489161745939, 1.0
189, 136, -4.985247837792242, 9.875390450978278, 1.0
188, 137, -10.701551870648709, 6.793860381089146, 1.4142135623730951
189, 138, -4.64133430678193, 5.496533913553992, 1.4142135623730951
189, 139, -7.6202179439306255, 4.882101702832596, 1.0
189, 139, -7.620258981657027, 7.775564378309249, 0.0
189, 141, -7.620298424577713, 0.7971374599137908, 2.0
189, 141, -7.620344751048087, 6.375634553050995, 0.0
191, 144, -0.37380008126594344, -4.495430740433912, 3.605551275463989
193, 145, 0.9923878596314095, 0.6693590933958031, 2.23606797749979
196, 146, 5.578838630197588, 0.10943337536045172, 3.1622776601683795
198, 146, 4.669559531825059, 2.8757000938177106, 2.0
203, 148, 15.792068433447904, -3.9691778023349196, 5.385164807134504
208, 151, 18.90502253469441, -8.559737733835483, 5.830951894845301
326, 217, 135.20355024924456, 0, 0
326, 218, 40, -40, 1.0
220, 155, 123.30855606972291, 0, 0
220, 155, -40, 40, 0.0
225, 156, 37.641549169234615, -8.137158716068036, 5.0990195135927845
229, 157, 30.389490859122915, -7.326983970351699, 4.123105625617661
233, 158, 34.5700366425078, -8.371979844109102, 4.123105625617661
236, 158, 32.17720425991714, -5.524867016029358, 3.0
243, 160, 40, -12.983143929926188, 7.280109889280518
246, 161, 40, -10.366996341741249, 3.1622776601683795
249, 161, 40, -7.624980500364303, 3.0
251, 162, 40, -10.906931563708582, 2.23606797749979
254, 162, 40, -8.325069977140425, 3.0
255, 163, 40, -11.879626326520828, 1.4142135623730951
257, 164, 40, -12.566083526363823, 2.23606797749979
259, 165, 40, -13.10863069763143, 2.23606797749979
260, 166, 40, -13.935456255512365, 1.4142135623730951
262, 167, 40, -14.590224846853996, 2.23606797749979
263, 168, 40, -15.173560336960755, 1.4142135623730951
264, 171, 40, -23.21385401529645, 3.1622776601683795
266, 173, 40, -21.72566035412363, 2.8284271247461903
265, 173, 40, -16.025643442511555, 1.0
267, 175, 40, -23.039282216597112, 2.8284271247461903
267, 176, 40, -20.86233778050929, 1.0
267, 177, 40, -21.547680357293117, 1.0
269, 178, 40, -22.219694534929864, 2.23606797749979
269, 178, 40, -19.52612528760433, 0.0
269, 180, 40, -26.385364973576117, 2.0
269, 180, 40, -20.926352668833733, 0.0
269, 180, 40, -20.92645147998333, 0.0
269, 181, 40, -24.32897718163057, 1.0
271, 182, 40, -25.146834845999866, 2.23606797749979
270, 182, 40, -22.326796708416936, 1.0
270, 182, 40, -22.32690485508442, 0.0
269, 181, 40, -19.09748870986688, 1.4142135623730951
267, 181, 40, -21.627146034455297, 2.0
267, 181, 40, -21.62725352141857, 0.0
265, 181, 40, -21.627364612960815, 2.0
265, 181, 40, -21.6274732336998, 0.0
263, 180, 38.40989776564886, -18.038400707525263, 2.23606797749979
262, 180, 40, -20.927687574386596, 1.0
260, 179, 36.613891550436534, -17.490318802200548, 2.23606797749979
256, 178, 29.40503196333289, -17.05693365001887, 4.123105625617661
253, 176, 27.73287818316627, -11.823846224588877, 3.605551275463989
251, 176, 30.28930908612628, -18.128083864116668, 2.0
249, 175, 28.530046927331824, -14.498285707989952, 2.23606797749979
246, 174, 23.872326594749268, -13.922493771033544, 3.1622776601683795
243, 173, 21.997713607747624, -13.297956715474534, 3.1622776601683795
239, 172, 17.374929960713494, -12.824424534185216, 4.123105625617661
235, 171, 12.528429530349886, -11.613180870831364, 4.123105625617661
231, 170, 10.741969525383809, -11.166523508995496, 4.123105625617661
227, 169, 7.884951523200902, -10.452331509117252, 4.123105625617661
222, 168, 1.930221791868039, -9.81661202306407, 5.0990195135927845
216, 166, -4.757094228570372, -5.779738801847997, 6.324555320336759
314, 219, 111.4136436887332, 0, 0
196, 161, 131.4838393111488, 0, 0
196, 161, -27.921705446284932, -1.3257403182001237, 0.0
190, 159, -29.27352578000846, 1.225412676481799, 6.324555320336759
184, 159, -27.474976165934216, -6.228907912278175, 6.0
176, 157, -35.68922440345948, -0.08408861087395358, 8.246211251235321
169, 157, -40, -4.828959818005561, 7.0
161, 155, -40, 2.271625413973394, 8.246211251235321
153, 153, -40, 3.5151828630526674, 8.246211251235321
145, 151, -40, 4.811832119224166, 8.246211251235321
137, 149, -40, 6.5387167270218365, 8.246211251235321
129, 146, -40, 10.319049835110201, 8.54400374531753
122, 145, -40, 6.224913498206908, 7.0710678118654755
115, 144, -40, 7.347219173556002, 7.0710678118654755
102, 140, -40, 17.951621652976208, 13.601470508735444
96, 138, -40, 14.108612891854067, 6.324555320336759
90, 136, -40, 14.656927648822814, 6.324555320336759
301, 209, 223.27113561766106, 0, 0
81, 133, 232.75738441561847, 0, 0
81, 133, -40, 15.90683867792811, 0.0
75, 131, -40, 21.793844930536167, 6.324555320336759
71, 131, -40, 13.371452626776694, 4.0
67, 129, -40, 20.40199451316939, 4.47213595499958
64, 129, -40, 14.77161579055786, 3.0
56, 127, -40, 22.028597406615607, 8.246211251235321
54, 125, -40, 23.30472031810467, 2.8284271247461903
52, 124, -40, 21.011980044635028, 2.23606797749979
49, 122, -40, 25.009570190887697, 3.605551275463989
47, 121, -40, 22.793950433247062, 2.23606797749979
47, 119, -40, 27.619597665917862, 2.0
45, 117, -40, 28.89903828206551, 2.8284271247461903
45, 117, -40, 23.172437765645977, 0.0
45, 116, -40, 26.57125375398573, 1.0
42, 114, -40, 30.29543467321181, 3.605551275463989
43, 114, -40, 25.272849794626236, 1.0
42, 111, -40, 36.9056260557045, 3.1622776601683795
42, 111, -40, 27.373113707113262, 0.0
42, 110, -40, 30.50755273082322, 1.0
42, 110, -40, 28.073434118795394, 0.0
43, 110, -40, 28.073561295080186, 1.0
43, 110, -40, 28.07370483927727, 0.0
44, 110, -40, 28.073858695554733, 1.0
45, 110, -40, 28.073996326971056, 1.0
46, 111, -40, 24.971000471406274, 1.4142135623730951
44, 110, -40, 31.027613305055695, 2.23606797749979
46, 112, -40, 20.979823011777746, 2.8284271247461903
47, 113, -40, 23.309807374935676, 1.4142135623730951
47, 113, -40, 25.974692884540556, 0.0
48, 114, -40, 22.930310750523734, 1.4142135623730951
48, 114, -40, 25.274965905094145, 0.0
49, 115, -40, 21.77851551475309, 1.4142135623730951
50, 116, -40, 21.095816804868594, 1.4142135623730951
50, 117, -40, 20.279548497171593, 1.0
51, 117, -40, 23.17546989252567, 1.0
52, 119, -40, 15.85229482467956, 2.23606797749979
53, 120, -40, 18.288065376173538, 1.4142135623730951
54, 120, -40, 21.075788146066667, 1.0
309, 202, 267.8600380795911, 0, 0
55, 121, 266.6027006614899, 0, 0
55, 121, -40, 19.13088102060494, 0.0
57, 121, -40, 20.37609108352661, 2.0
58, 122, -40, 17.036543548142166, 1.4142135623730951
59, 122, -40, 19.67631091098785, 1.0
60, 123, -40, 16.012229560643455, 1.4142135623730951
63, 123, -40, 18.976498601460456, 3.0
65, 123, -40, 18.97660223300457, 2.0
66, 124, -40, 15.607888252258222, 1.4142135623730951
69, 124, -40, 18.276782852339743, 3.0
70, 124, -40, 18.276881735682487, 1.0
72, 124, -40, 18.27697591035366, 2.0
74, 124, -40, 18.277064876723287, 2.0
76, 124, -40, 18.2771589063406, 2.0
79, 124, -40, 18.277255969071387, 3.0
80, 124, -40, 18.277357493758203, 1.0
83, 124, -40, 18.27744958870411, 3.0
86, 124, -40, 18.277538932585717, 3.0
87, 124, -40, 18.277633915591238, 1.0
329, 212, 257.50339803583176, 0, 0
91, 122, 254.44842306447882, 0, 0
94, 122, -40, 21.752833309279808, 3.0
96, 123, -40, 15.57608363158155, 2.23606797749979
98, 123, -40, 18.978080589962005, 2.0
331, 212, 249.41932563456265, 0, 0
103, 124, 244.39312592624205, 0, 0
105, 125, -40, 15.279394287680265, 2.23606797749979
105, 124, -40, 21.692985817911765, 1.0
108, 124, -40, 18.278466697645186, 3.0
111, 125, -40, 14.650897743399753, 3.1622776601683795
112, 126, -40, 14.47457089610252, 1.4142135623730951
114, 126, -40, 16.87873383786678, 2.0
115, 126, -40, 16.87882090909481, 1.0
118, 126, -40, 16.878906075453756, 3.0
120, 127, -40, 13.149247379254309, 2.23606797749979
122, 126, -40, 19.550586020563557, 2.23606797749979
125, 127, -40, 13.264456014082839, 3.1622776601683795
127, 126, -40, 19.22469337444333, 2.23606797749979
131, 126, -36.3780780665019, 16.87933393104076, 4.0
134, 126, -38.35193614755188, 16.87942627112865, 3.0
136, 126, -38.71240063092702, 16.879505782961843, 2.0
138, 126, -38.50143369882158, 16.879604785799977, 2.0
140, 126, -36.70012572773799, 16.879696225810047, 2.0
142, 126, -34.49791932593551, 16.879775529360767, 2.0
143, 126, -37.206906635825746, 16.87986631877422, 1.0
145, 125, -32.49097670389684, 20.559599992147195, 2.23606797749979
146, 125, -35.03559305125905, 17.58004232890606, 1.0
148, 125, -31.215059273197625, 17.580139658522604, 2.0
150, 125, -29.58394659788797, 17.58023281342983, 2.0
154, 125, -20.373283724523077, 17.58031771905422, 4.0
155, 125, -28.943456253628394, 17.580417403650284, 1.0
348, 209, 210.48752932181043, 0, 0
160, 125, 205.91260281974002, 0, 0
160, 125, -22.016961123200602, 17.580628023815155, 0.0
163, 125, -14.094529244139208, 17.580691816282272, 3.0
165, 126, -18.996143218922093, 14.152848163979778, 2.23606797749979
167, 125, -18.01162845040471, 20.101100592643277, 2.23606797749979
171, 126, -9.966826929185029, 14.30954655729105, 4.123105625617661
295, 216, 153.21879780235844, 0, 0
295, 216, 40, -40, 0.0
175, 128, 148.8086019019062, 0, 0
176, 128, -40, 40, 1.0
179, 129, -2.4292633558672883, 10.706605881054289, 3.1622776601683795
180, 129, -11.248941693747682, 14.780840679335594, 1.0
181, 128, -10.41286399842056, 18.320048484913976, 1.4142135623730951
183, 129, -6.3653971608084685, 12.037665155585719, 2.23606797749979
185, 129, -5.058341167341917, 14.781072597789764, 2.0
187, 129, -4.175067539666974, 14.781158699560164, 2.0
189, 130, -1.5676358115842213, 11.039051992244323, 2.23606797749979
190, 130, -4.214763191925282, 14.081297502088546, 1.0
193, 131, 3.220484354771102, 10.690659177220429, 3.1622776601683795
196, 132, 5.109191038116992, 10.061372349893354, 3.1622776601683795
196, 132, -2.752295744252205, 12.681511344981192, 0.0
199, 132, 9.098495088176717, 12.681566722083092, 3.0
202, 132, 9.879826022199182, 12.681630764222145, 3.0
351, 203, 165.05150711217394, 0, 0
205, 134, 161.48374531202822, 0, 0
205, 134, 7.415080898031013, 8.7035402606166, 0.0
207, 135, 13.599826590596242, 6.255757890755631, 2.23606797749979
208, 135, 8.327739697448155, 10.581845524406432, 1.0
209, 136, 8.719920027169497, 7.509882648304016, 1.4142135623730951
211, 137, 13.583706324153408, 6.264111509672087, 2.23606797749979
211, 137, 7.747906189298629, 9.181993339824675, 0.0
213, 138, 14.304338309285473, 5.90391242654089, 2.23606797749979
214, 138, 12.502279359540722, 8.48208510456085, 1.0
215, 139, 13.317769329204488, 5.011906791003003, 1.4142135623730951
215, 139, 10.54811758708954, 7.782164464306831, 0.0
216, 140, 14.136195517944614, 4.1941964462685215, 1.4142135623730951
217, 141, 14.74207105435388, 3.588301032953421, 1.4142135623730951
217, 143, 11.948301754999159, -0.023503981195381662, 2.0
218, 146, 15.614484343741825, -6.016030026953996, 3.1622776601683795
218, 149, 12.64843917980194, -6.25455546073361, 3.0
219, 152, 16.489923910701627, -10.742143265820207, 3.1622776601683795
218, 154, 9.903512058598867, -8.20802993135308, 2.23606797749979
220, 158, 19.25236409449006, -15.924185783391428, 4.47213595499958
247, 101, 63.071388124885914, 0, 0
249, 102, 40, 40, 2.23606797749979
251, 102, 40, 33.682703138709066, 2.0
254, 103, 40, 30.26783520858242, 3.1622776601683795
258, 103, 40, 32.98304760670662, 4.0
364, 213, 152.7612516314265, 0, 0
264, 103, 148.66068747318505, 0, 0
271, 103, 40, 32.983500404429435, 7.0
275, 103, 40, 32.98365399050712, 4.0
363, 212, 140.089257261219, 0, 0
286, 101, 135.09256086106296, 0, 0
359, 200, 123.00406497347964, 0, 0
360, 199, 40, -40, 1.4142135623730951
224, 169, 139.26952286842948, 0, 0
225, 169, -40, 37.20653001745229, 1.0
224, 167, 13.560449998034784, -5.232832672946035, 2.23606797749979
225, 167, 20.397542985080413, -11.817202062511443, 1.0
342, 106, 131.94695904036593, 0, 0
352, 107, 40, 40, 10.04987562112089
363, 107, 40, 30.183201450014113, 11.0
372, 108, 40, 26.7534173273775, 9.055385138137417
224, 166, 158.95911424010893, 0, 0
224, 167, -40, -40, 1.0
224, 167, 16.855170361614224, -11.816810369014739, 0.0
224, 168, 16.85526176099777, -15.14265144493471, 1.0
224, 168, 16.855365574932094, -12.51695678114891, 0.0
224, 168, 16.85544135084152, -12.517013608789444, 0.0
223, 167, 13.408782104997133, -9.070512388375775, 1.4142135623730951
223, 167, 16.155609586334226, -11.817137958383558, 0.0
223, 167, 16.15569182538986, -11.817198755931853, 0.0
223, 168, 16.155772929883, -15.353589461011719, 1.0
223, 168, 16.1558582167387, -12.517328962373734, 0.0
223, 168, 16.15594826338291, -12.517399435806274, 0.0
223, 168, 16.15602370328903, -12.517458472728729, 0.0
224, 169, 19.70989999503812, -16.071278411127857, 1.4142135623730951
224, 170, 16.856196297359464, -16.629374843425747, 1.0
223, 169, 13.575762837889943, -10.636895787269445, 1.4142135623730951
223, 169, 16.156365938854215, -13.217738935041426, 0.0
223, 170, 16.15644666113853, -16.766968167141318, 1.0
222, 170, 12.670704791477595, -13.917880929040908, 1.0
222, 170, 15.456606746482848, -13.917954668569564, 0.0
221, 169, 11.9536957740622, -10.414718074653008, 1.4142135623730951
221, 169, 14.756753889536856, -13.218087792563438, 0.0
219, 168, 7.923681994994807, -9.80149515617849, 2.23606797749979
218, 168, 9.911207272394991, -12.518219609618187, 1.0
217, 167, 9.198339032584226, -9.05999580590469, 1.4142135623730951
216, 167, 8.398469137311118, -11.818340705776214, 1.0
215, 168, 7.768053740047385, -15.307319550973059, 1.4142135623730951
214, 167, 7.017095438476581, -8.97852740012862, 1.4142135623730951
214, 168, 9.857167353129386, -14.962401579365284, 1.0
212, 168, 2.393138342401069, -12.518598127460479, 2.0
212, 168, 8.45724917666912, -12.518661497974396, 0.0
212, 168, 8.457294255805014, -12.518729122257232, 0.0
212, 168, 8.45733785779476, -12.518794517946242, 0.0
211, 168, 4.692795776590939, -12.518853254032134, 1.0
210, 168, 4.310757114032908, -12.518918787908554, 1.0
209, 168, 3.602092812970733, -12.518984115791321, 1.0
210, 169, 9.948744953884836, -16.110317374410386, 1.4142135623730951
208, 168, 0.15320663801966283, -9.767019490096287, 2.23606797749979
208, 168, 5.6575357664823525, -12.519181137704848, 0.0
208, 167, 5.657564392161369, -9.024287707831744, 1.0
207, 167, 2.194689221952536, -11.819303491544723, 1.0
208, 167, 8.59396157955392, -11.81936138665676, 1.0
